{"cameraMode":{"drawMode":0,"name":"Shaded","section":"Shading Mode"},"sceneLighting":true,"audioPlay":false,"sceneViewState":{"showFog":false,"showMaterialUpdate":false,"showSkybox":false,"showFlares":false,"showImageEffects":false,"showParticleSystems":true},"in2DMode":false,"pivot":{"x":-1.3020963668823243,"y":-5.399439811706543,"z":6.996193885803223},"rotation":{"x":0.22929689288139344,"y":0.7276594042778015,"z":-0.2881436049938202,"w":0.5788131952285767},"size":10.941728591918946,"orthographic":false}