{"cameraMode":{"drawMode":0,"name":"Shaded","section":"Shading Mode"},"sceneLighting":false,"audioPlay":false,"sceneViewState":{"showFog":false,"showMaterialUpdate":false,"showSkybox":false,"showFlares":false,"showImageEffects":false,"showParticleSystems":true},"in2DMode":false,"pivot":{"x":0.39385712146759035,"y":-0.239516019821167,"z":5.9864115715026859},"rotation":{"x":0.682854175567627,"y":0.02325122058391571,"z":-0.021689359098672868,"w":0.7299154996871948},"size":2.3505325317382814,"orthographic":false}